{"1": 0.2916666666666667, "2": 0.44283333333333336, "3": 0.5180833333333333, "4": 0.5661666666666667, "5": 0.6121666666666666, "6": 0.65525, "7": 0.6871666666666667, "8": 0.70825, "9": 0.7234166666666667, "10": 0.7386666666666667, "11": 0.7525833333333334, "12": 0.76325, "13": 0.7706666666666667, "14": 0.7793333333333333, "15": 0.7864166666666667, "16": 0.7928333333333333, "17": 0.7999166666666667, "18": 0.8055833333333333, "19": 0.8109166666666666, "20": 0.8145, "21": 0.81775, "22": 0.8215, "23": 0.826, "24": 0.8301666666666667, "25": 0.8319166666666666, "26": 0.8355833333333333, "27": 0.8381666666666666, "28": 0.84, "29": 0.8423333333333334, "30": 0.8440833333333333}